"id","nom","prenom","date_naissance","age","code_postal","ville","numero_contrat"
1,"Nom211","Prenom961","2012-02-08",32,"87887","Ville383","Contrat25202"
2,"Nom440","Prenom461","2022-04-18",51,"98694","Ville623","Contrat4291"
3,"Nom133","Prenom283","2007-09-27",72,"20668","Ville65","Contrat62148"
4,"Nom692","Prenom771","2019-12-08",40,"77376","Ville243","Contrat58517"
5,"Nom862","Prenom459","2015-07-24",66,"53140","Ville965","Contrat95827"
6,"Nom547","Prenom284","2006-06-14",33,"69309","Ville230","Contrat75096"
7,"Nom777","Prenom434","1994-11-29",32,"71597","Ville429","Contrat95206"
8,"Nom137","Prenom856","2015-03-22",45,"21707","Ville435","Contrat65547"
9,"Nom828","Prenom740","2018-12-06",64,"22023","Ville739","Contrat29256"
10,"Nom261","Prenom838","2013-10-22",44,"19484","Ville12","Contrat37348"
11,"Nom101","Prenom33","2002-04-02",24,"34766","Ville658","Contrat51713"
12,"Nom445","Prenom445","1998-06-16",33,"70072","Ville493","Contrat71656"
13,"Nom351","Prenom478","2009-10-18",79,"13327","Ville146","Contrat29087"
14,"Nom850","Prenom374","1998-12-09",44,"71169","Ville308","Contrat28354"
15,"Nom931","Prenom261","2017-03-08",19,"16237","Ville168","Contrat90734"
16,"Nom132","Prenom753","2016-10-30",43,"39539","Ville144","Contrat38811"
17,"Nom612","Prenom179","2020-12-30",26,"84573","Ville148","Contrat83500"
18,"Nom408","Prenom912","1995-11-24",52,"36722","Ville194","Contrat81329"
19,"Nom202","Prenom837","2008-09-27",30,"88637","Ville323","Contrat80416"
20,"Nom697","Prenom529","2012-03-25",29,"64000","Ville431","Contrat83790"
21,"Nom630","Prenom570","1999-08-09",48,"69656","Ville354","Contrat56611"
22,"Nom112","Prenom253","1999-01-31",73,"58383","Ville190","Contrat13597"
23,"Nom50","Prenom40","2023-02-15",53,"99841","Ville110","Contrat92318"
24,"Nom436","Prenom755","2021-10-10",32,"66758","Ville42","Contrat38542"
25,"Nom634","Prenom546","2019-05-08",52,"87791","Ville594","Contrat79361"
26,"Nom738","Prenom93","2002-11-29",60,"39431","Ville755","Contrat80673"
27,"Nom197","Prenom109","2012-08-02",62,"41443","Ville748","Contrat18403"
28,"Nom950","Prenom808","1997-03-26",77,"23599","Ville916","Contrat55535"
29,"Nom409","Prenom548","2004-12-16",74,"41794","Ville98","Contrat99730"
30,"Nom567","Prenom803","2006-04-01",45,"11736","Ville739","Contrat15092"
31,"Nom709","Prenom360","1999-01-27",77,"27539","Ville487","Contrat587"
32,"Nom127","Prenom868","2015-11-02",33,"64849","Ville444","Contrat46798"
33,"Nom754","Prenom972","2003-08-17",36,"74449","Ville251","Contrat84843"
34,"Nom526","Prenom822","2011-03-04",50,"98788","Ville300","Contrat66626"
35,"Nom688","Prenom892","2004-07-12",66,"16689","Ville305","Contrat11731"
36,"Nom947","Prenom541","2003-11-30",45,"38121","Ville278","Contrat19524"
37,"Nom953","Prenom252","2017-06-18",23,"47741","Ville665","Contrat26086"
38,"Nom704","Prenom640","2019-12-27",78,"78743","Ville711","Contrat76787"
39,"Nom675","Prenom399","2005-12-08",23,"58196","Ville554","Contrat19370"
40,"Nom341","Prenom474","1994-09-17",78,"42393","Ville191","Contrat34219"
41,"Nom977","Prenom434","2005-03-18",36,"45208","Ville867","Contrat33890"
42,"Nom953","Prenom247","1999-08-22",33,"82796","Ville566","Contrat76054"
43,"Nom174","Prenom743","2014-10-31",80,"99615","Ville85","Contrat97070"
44,"Nom954","Prenom724","2014-07-15",21,"31400","Ville218","Contrat54082"
45,"Nom781","Prenom477","1998-10-03",26,"83162","Ville513","Contrat43652"
46,"Nom249","Prenom684","1997-03-23",69,"77824","Ville597","Contrat80709"
47,"Nom874","Prenom2","2001-05-28",72,"76239","Ville251","Contrat3443"
48,"Nom408","Prenom768","2011-04-22",76,"58122","Ville665","Contrat75003"
49,"Nom988","Prenom987","2022-07-26",44,"33964","Ville820","Contrat15484"
50,"Nom11","Prenom77","2020-05-17",80,"70423","Ville141","Contrat10394"
51,"Nom365","Prenom743","1999-05-12",79,"11334","Ville412","Contrat45062"
52,"Nom498","Prenom610","2022-07-12",50,"71998","Ville744","Contrat72713"
53,"Nom665","Prenom366","2009-02-25",74,"22105","Ville827","Contrat5944"
54,"Nom678","Prenom381","2007-11-01",67,"21457","Ville460","Contrat61101"
55,"Nom142","Prenom542","2012-02-03",70,"18471","Ville816","Contrat33254"
56,"Nom587","Prenom823","2007-09-01",55,"38260","Ville320","Contrat64991"
57,"Nom381","Prenom849","2021-08-25",32,"73395","Ville266","Contrat33256"
58,"Nom853","Prenom527","2018-11-29",68,"90925","Ville112","Contrat73174"
59,"Nom654","Prenom439","1998-12-18",18,"71274","Ville945","Contrat4515"
60,"Nom298","Prenom89","1997-08-24",28,"44107","Ville590","Contrat92148"
61,"Nom18","Prenom595","2012-12-11",26,"36243","Ville587","Contrat64605"
62,"Nom129","Prenom119","2019-09-12",18,"86067","Ville834","Contrat53600"
63,"Nom60","Prenom461","2010-10-14",20,"13951","Ville116","Contrat88893"
64,"Nom423","Prenom938","2019-08-04",67,"52246","Ville286","Contrat99078"
65,"Nom953","Prenom294","2022-12-14",72,"13191","Ville390","Contrat91848"
66,"Nom691","Prenom860","2013-05-18",29,"11266","Ville798","Contrat23208"
67,"Nom787","Prenom602","2023-06-25",75,"80417","Ville128","Contrat53515"
68,"Nom107","Prenom715","2023-05-14",44,"56248","Ville606","Contrat72629"
69,"Nom701","Prenom877","2006-01-21",27,"85890","Ville805","Contrat48096"
70,"Nom317","Prenom592","2003-04-04",56,"98457","Ville271","Contrat48860"
71,"Nom248","Prenom749","2011-12-21",79,"90243","Ville317","Contrat80886"
72,"Nom850","Prenom220","2015-10-27",34,"66514","Ville201","Contrat20372"
73,"Nom131","Prenom219","1995-03-25",48,"30423","Ville145","Contrat30304"
74,"Nom437","Prenom882","2005-07-23",50,"22324","Ville3","Contrat5805"
75,"Nom610","Prenom184","2009-04-19",36,"23752","Ville91","Contrat15121"
76,"Nom811","Prenom993","1998-12-25",24,"72936","Ville259","Contrat26660"
77,"Nom651","Prenom597","2000-02-08",72,"42593","Ville993","Contrat35949"
78,"Nom354","Prenom832","2008-09-22",72,"70332","Ville788","Contrat78801"
79,"Nom826","Prenom361","2019-01-08",56,"18823","Ville794","Contrat64705"
80,"Nom19","Prenom610","1998-04-01",24,"60296","Ville493","Contrat21096"
81,"Nom902","Prenom603","2003-03-28",40,"36094","Ville582","Contrat60907"
82,"Nom559","Prenom33","2008-04-19",38,"97816","Ville256","Contrat82010"
83,"Nom879","Prenom226","1996-04-09",37,"71926","Ville950","Contrat14010"
84,"Nom797","Prenom915","2004-06-01",28,"90281","Ville444","Contrat33695"
85,"Nom617","Prenom202","1995-07-15",54,"91973","Ville977","Contrat44035"
86,"Nom192","Prenom360","2019-05-17",48,"97763","Ville800","Contrat91236"
87,"Nom383","Prenom475","2001-10-29",48,"13520","Ville210","Contrat27637"
88,"Nom497","Prenom112","2022-09-12",64,"45716","Ville633","Contrat84833"
89,"Nom262","Prenom843","1994-10-23",53,"30634","Ville752","Contrat20787"
90,"Nom661","Prenom230","2019-12-15",71,"25144","Ville940","Contrat58477"
91,"Nom468","Prenom631","2007-09-15",73,"38587","Ville166","Contrat98527"
92,"Nom885","Prenom56","2018-02-01",44,"45325","Ville636","Contrat48088"
93,"Nom38","Prenom353","1998-03-21",60,"94791","Ville316","Contrat7755"
94,"Nom894","Prenom113","2022-07-18",51,"29795","Ville992","Contrat1840"
95,"Nom553","Prenom121","1996-01-07",64,"98184","Ville426","Contrat19028"
96,"Nom683","Prenom250","2021-10-15",61,"72811","Ville889","Contrat32664"
97,"Nom984","Prenom461","2022-10-03",62,"46131","Ville858","Contrat99568"
98,"Nom526","Prenom49","2021-10-20",73,"34695","Ville136","Contrat52380"
99,"Nom311","Prenom672","2019-11-16",55,"15710","Ville124","Contrat6923"
100,"Nom718","Prenom447","2009-11-29",41,"30424","Ville813","Contrat59986"
101,"Nom678","Prenom919","2011-11-28",26,"75002","Ville38","Contrat9874"
102,"Nom497","Prenom22","2010-02-22",54,"84771","Ville614","Contrat21766"
103,"Nom859","Prenom145","2003-07-25",79,"80248","Ville125","Contrat83950"
104,"Nom126","Prenom426","2012-10-10",30,"47514","Ville85","Contrat84492"
105,"Nom490","Prenom241","2012-07-11",62,"74068","Ville906","Contrat2151"
106,"Nom220","Prenom28","2023-01-30",56,"71618","Ville98","Contrat1018"
107,"Nom403","Prenom360","1997-06-08",80,"24296","Ville654","Contrat99735"
108,"Nom571","Prenom199","2000-04-06",40,"60981","Ville188","Contrat49742"
109,"Nom346","Prenom837","2016-01-22",74,"26205","Ville488","Contrat82929"
110,"Nom600","Prenom75","2018-09-16",63,"82430","Ville533","Contrat48404"
111,"Nom701","Prenom928","2016-02-07",24,"73791","Ville984","Contrat75589"
112,"Nom965","Prenom419","2008-03-02",53,"11774","Ville70","Contrat86134"
113,"Nom515","Prenom747","2023-07-01",22,"43723","Ville559","Contrat27915"
114,"Nom489","Prenom322","2004-07-18",72,"92387","Ville896","Contrat42111"
115,"Nom962","Prenom491","2010-03-14",47,"53505","Ville424","Contrat79613"
116,"Nom335","Prenom423","2003-11-15",47,"73058","Ville458","Contrat51935"
117,"Nom455","Prenom244","2023-08-22",27,"46915","Ville860","Contrat2243"
118,"Nom517","Prenom286","1999-08-20",36,"23318","Ville520","Contrat19911"
119,"Nom975","Prenom75","1997-09-30",56,"34606","Ville129","Contrat76016"
120,"Nom517","Prenom660","2014-06-23",70,"59604","Ville851","Contrat16659"
121,"Nom595","Prenom562","2016-07-27",19,"49508","Ville225","Contrat38955"
122,"Nom106","Prenom827","1994-12-13",19,"43771","Ville888","Contrat86903"
123,"Nom463","Prenom616","1995-04-11",49,"64793","Ville294","Contrat3936"
124,"Nom16","Prenom524","2005-02-14",56,"23165","Ville302","Contrat26366"
125,"Nom206","Prenom383","2013-03-11",39,"61883","Ville748","Contrat60737"
126,"Nom925","Prenom204","2009-10-12",71,"22765","Ville827","Contrat32222"
127,"Nom504","Prenom422","2017-10-05",19,"18312","Ville282","Contrat12770"
128,"Nom371","Prenom987","2003-05-27",48,"12954","Ville20","Contrat3328"
129,"Nom269","Prenom37","2010-09-19",28,"92908","Ville941","Contrat48671"
130,"Nom447","Prenom542","2023-11-23",29,"68263","Ville952","Contrat19742"
131,"Nom173","Prenom849","2008-02-07",27,"83510","Ville384","Contrat40097"
132,"Nom61","Prenom189","2003-09-21",31,"16709","Ville172","Contrat49366"
133,"Nom581","Prenom919","2005-11-23",56,"93348","Ville116","Contrat94962"
134,"Nom519","Prenom651","2016-08-30",68,"81077","Ville371","Contrat74155"
135,"Nom347","Prenom979","2012-07-09",61,"69884","Ville703","Contrat78246"
136,"Nom770","Prenom935","2005-10-03",67,"81014","Ville203","Contrat275"
137,"Nom261","Prenom154","2022-09-18",78,"49380","Ville92","Contrat8397"
138,"Nom529","Prenom937","2018-01-08",22,"62448","Ville800","Contrat25266"
139,"Nom270","Prenom730","2007-06-18",24,"57875","Ville365","Contrat21717"
140,"Nom34","Prenom339","1995-05-09",55,"13576","Ville156","Contrat64176"
141,"Nom339","Prenom76","2001-01-15",27,"81335","Ville552","Contrat92291"
142,"Nom625","Prenom658","2000-01-12",49,"11305","Ville610","Contrat60889"
143,"Nom526","Prenom637","2008-07-13",18,"94542","Ville354","Contrat22191"
144,"Nom771","Prenom651","2023-04-09",47,"71129","Ville92","Contrat49892"
145,"Nom534","Prenom565","2008-02-01",35,"39342","Ville416","Contrat35528"
146,"Nom307","Prenom134","2023-01-02",77,"91342","Ville417","Contrat59093"
147,"Nom150","Prenom229","2005-10-02",65,"73644","Ville552","Contrat98172"
148,"Nom945","Prenom680","2005-03-09",65,"70045","Ville182","Contrat92324"
149,"Nom640","Prenom45","1998-04-23",35,"28385","Ville919","Contrat93367"
150,"Nom715","Prenom394","2023-09-11",71,"66383","Ville400","Contrat91978"
151,"Nom613","Prenom856","2006-09-13",26,"50852","Ville654","Contrat21058"
152,"Nom216","Prenom528","2000-12-19",49,"81405","Ville719","Contrat59428"
153,"Nom466","Prenom18","2022-09-11",46,"90833","Ville845","Contrat44384"
154,"Nom916","Prenom779","2019-08-15",59,"86871","Ville257","Contrat7469"
155,"Nom956","Prenom964","2001-02-13",60,"29497","Ville644","Contrat45424"
156,"Nom206","Prenom348","2023-11-12",61,"81752","Ville545","Contrat27833"
157,"Nom247","Prenom308","1997-09-04",59,"53294","Ville956","Contrat12883"
158,"Nom548","Prenom328","2007-02-07",62,"67668","Ville599","Contrat55377"
159,"Nom353","Prenom697","1998-08-08",66,"71866","Ville309","Contrat67554"
160,"Nom153","Prenom900","2018-06-13",42,"39664","Ville328","Contrat68941"
161,"Nom804","Prenom440","2012-09-15",38,"78458","Ville65","Contrat65724"
162,"Nom696","Prenom141","2017-09-25",52,"65909","Ville592","Contrat36626"
163,"Nom217","Prenom937","1996-11-17",26,"53562","Ville395","Contrat6049"
164,"Nom335","Prenom206","2021-05-15",21,"95565","Ville999","Contrat22516"
165,"Nom854","Prenom350","1998-10-11",24,"29169","Ville4","Contrat29566"
166,"Nom811","Prenom977","2000-01-12",74,"42093","Ville782","Contrat45833"
167,"Nom142","Prenom662","2016-07-19",70,"59829","Ville725","Contrat60937"
168,"Nom149","Prenom110","2022-03-27",26,"38998","Ville774","Contrat25277"
169,"Nom780","Prenom465","2017-03-08",25,"26681","Ville240","Contrat99061"
170,"Nom323","Prenom935","2022-09-11",29,"40079","Ville459","Contrat48582"
171,"Nom153","Prenom517","2010-12-15",67,"51999","Ville937","Contrat714"
172,"Nom16","Prenom422","2003-06-03",24,"98267","Ville916","Contrat1272"
173,"Nom581","Prenom919","2002-06-08",70,"84745","Ville204","Contrat45391"
174,"Nom965","Prenom826","2020-09-28",63,"17210","Ville202","Contrat76448"
175,"Nom729","Prenom225","2005-02-06",28,"67594","Ville703","Contrat2186"
176,"Nom949","Prenom929","2021-04-04",78,"18750","Ville85","Contrat58554"
177,"Nom330","Prenom448","2021-12-08",72,"70670","Ville442","Contrat64131"
178,"Nom809","Prenom273","2010-10-05",54,"51230","Ville761","Contrat15070"
179,"Nom824","Prenom101","2017-02-04",68,"59171","Ville687","Contrat84638"
180,"Nom491","Prenom393","2000-03-28",74,"60136","Ville955","Contrat23963"
181,"Nom832","Prenom694","2000-06-23",48,"21441","Ville521","Contrat17817"
182,"Nom95","Prenom592","2006-03-29",51,"21782","Ville558","Contrat45589"
183,"Nom922","Prenom332","2008-03-08",70,"47638","Ville169","Contrat7571"
184,"Nom77","Prenom605","2016-09-11",61,"49436","Ville357","Contrat42682"
185,"Nom45","Prenom810","2006-08-11",66,"59022","Ville81","Contrat65994"
186,"Nom374","Prenom217","1994-02-12",74,"84764","Ville700","Contrat82377"
187,"Nom814","Prenom436","2000-04-22",50,"16091","Ville885","Contrat88962"
188,"Nom10","Prenom302","2016-02-22",22,"52169","Ville650","Contrat84154"
189,"Nom419","Prenom19","2023-03-29",37,"55297","Ville685","Contrat60638"
190,"Nom686","Prenom152","2022-08-16",35,"91293","Ville224","Contrat61497"
191,"Nom52","Prenom821","2006-06-30",72,"95023","Ville32","Contrat26179"
192,"Nom275","Prenom762","2022-06-27",52,"67377","Ville893","Contrat54840"
193,"Nom98","Prenom388","1994-06-11",62,"39133","Ville747","Contrat85049"
194,"Nom684","Prenom906","2007-02-20",33,"81916","Ville330","Contrat82046"
195,"Nom491","Prenom644","2016-05-12",49,"15259","Ville51","Contrat46716"
196,"Nom220","Prenom530","2000-04-05",63,"36237","Ville329","Contrat18517"
197,"Nom25","Prenom868","2011-07-11",47,"48309","Ville262","Contrat93347"
198,"Nom886","Prenom6","1999-04-11",72,"54625","Ville764","Contrat84662"
199,"Nom492","Prenom409","2013-06-22",31,"97899","Ville829","Contrat16881"
200,"Nom167","Prenom139","1997-10-07",74,"78857","Ville42","Contrat46227"
